id,generated
0000aaaa,0.9792868
1111bbbb,0.9710072
2222cccc,0.9674946
